,0,1,2,3,4,5,6,7,8,9,10,11,12,13,14,15,16,17,18,19,20,21,22,23,24,25
0,custo,erro,Theta_fb0,Theta_fb1,Theta_fb2,Theta_fb3,Theta_fb4,Theta_fb5,Theta_fb6,Theta_fb7,Theta_fb8,Theta_fb9,Theta_fb10,Theta_fb11,Theta_fb0_curr,Theta_fb1_curr,Theta_fb2_curr,Theta_fb3_curr,Theta_fb4_curr,Theta_fb5_curr,Theta_fb6_curr,Theta_fb7_curr,Theta_fb8_curr,Theta_fb9_curr,Theta_fb10_curr,Theta_fb11_curr
1,-92.1950523508374,2080.117313310861,0.9989472837501793,0.8238529971545012,0.9992981891667861,0.9996490945833931,0.9992981891667861,0.9987718310418757,0.7125697274753878,-0.420492445364576,0.8829958556384433,1.0,0.5457489008433598,0.36960189799786114,1.0,1.0,1.0,1.0,1.0,1.0,1.0,1.0,1.0,1.0,1.0,1.0
2,-114.9981364326569,-464.7373080478148,0.9986348108815096,0.8087191692744142,0.9992120426509767,0.9994227682305329,0.9992120426509767,0.9996289666614645,0.6237547712060432,-0.37238393733933844,0.8756171812297001,1.0,0.7673000231409903,0.5760191924154044,1.0,1.0,1.0,1.0,1.0,1.0,1.0,1.0,1.0,1.0,1.0,1.0
3,-213.29214719389552,-445.9686615733226,0.9932492922785542,0.2749023912593431,0.9951337387178506,0.9981155535607037,0.984201524514719,0.9848222082454133,-0.3703697237276993,0.3034736817007759,-0.8898113081753783,1.0,-0.23812141799081754,-0.9632190267314712,1.0,1.0,1.0,1.0,1.0,1.0,1.0,1.0,1.0,1.0,1.0,1.0
4,-279.12750161050155,1309.96209114999,1.0228289537849808,-1.091802651301272,1.0294487712133102,0.9933801825716707,1.0205639015686798,1.014873382819952,0.9574742834022969,-0.015497895038432852,0.5900021375323589,1.0,1.3023536983475292,-0.7894489529537405,1.0,1.0,1.0,1.0,1.0,1.0,1.0,1.0,1.0,1.0,1.0,1.0
5,-293.5280110807781,-248.3664361432667,0.990617833357935,0.5024499814236179,0.9912950022950389,0.9993228310628962,0.976952546511974,0.9578073913243129,0.11473849419582616,0.14129384268915288,-1.732380290242872,-1.621757941910074,-0.3017719060491084,-0.7993219246254936,1.0,1.0,1.0,1.0,1.0,1.0,1.0,1.0,1.0,1.0,1.0,1.0
6,-286.1564727735476,-2356.3544488616517,0.9970967155887646,-0.9507983087296692,1.0148603240771321,0.9822363915116324,0.9956755937584189,1.0093779372004805,0.07085167791253152,0.24602138489590436,1.0696893334508402,0.18195495611972823,0.9384523426508795,-1.012345966078797,1.0,1.0,1.0,1.0,1.0,1.0,1.0,1.0,1.0,1.0,1.0,1.0
7,1376.7316644994326,1172.0147196216462,-174.5679114637123,1.4239337704935626,-89.6809067622723,-83.88700470144259,-185.25152532075128,-80.105727584708,9.394917743026625,-1.9871277065399018,-15.045077683462017,-4.328274829276466,-0.8558359698283295,-0.43190219928455886,1.0,1.0,1.0,1.0,1.0,1.0,1.0,1.0,1.0,1.0,1.0,1.0
8,891.642991292514,89641.59848095747,25.339764437516948,-2.4316502168820104,-136.26002064949603,162.59978508768523,-112.87824826908025,-22.744624133688298,2.0039328984506612,-0.015808847349567223,-0.02969298389621322,-0.540826205538274,1.7246737316297738,-1.706976485345346,1.0,1.0,1.0,1.0,1.0,1.0,1.0,1.0,1.0,1.0,1.0,1.0
9,836.1230727641282,2942.9502297523336,55.89944398568923,-3.494663215807519,-226.3866075696933,283.2860515575082,-40.10218047939705,258.36401039921265,0.36177028564138514,0.6849318567684284,3.815019883318531,0.03422220105970841,2.2482813085732216,-2.2463819069431725,1.0,1.0,1.0,1.0,1.0,1.0,1.0,1.0,1.0,1.0,1.0,1.0
10,-281.2344989871452,1451.1279909880325,-498.1242791412101,-0.9293784775354257,-645.3010152254872,148.17673600955243,272.3625927125221,1365.655616752643,5.077086120705251,0.7402652807982854,-2.5219113818420884,-3.823001634473907,0.9513358204783944,-0.9780426600790948,1.0,1.0,1.0,1.0,1.0,1.0,1.0,1.0,1.0,1.0,1.0,1.0
11,229.66698429824459,2080.348950420087,908.2101464166369,2.2818091608565876,682.5394962145133,226.67065057157998,-206.5601147237639,-321.5196908585765,-5.807421134176013,-0.3733801648590581,0.8440891720257637,2.2301050503717628,-0.633399044241876,0.648410135778988,1.0,1.0,1.0,1.0,1.0,1.0,1.0,1.0,1.0,1.0,1.0,1.0
12,1018.1822041081398,637.64436743072,1057.2939576088959,2.447081905396265,817.3952259612033,240.89873206674622,-243.3321876309506,-524.4383689323448,-7.1198428835780145,-0.44127956661209383,1.396762448610172,2.9752171898686983,-0.7132569576496884,0.7338249692201569,1.0,1.0,1.0,1.0,1.0,1.0,1.0,1.0,1.0,1.0,1.0,1.0
13,-76.26976188611962,2193.673605729775,93.57532601530443,0.5128390827679252,-83.9017428162183,178.47706825750478,-287.0332370847566,524.17291705471,-0.18667918424368857,0.35958637016107126,3.8289563887808487,-0.4221071875862612,0.2461112014309198,-0.2410497234061726,1.0,1.0,1.0,1.0,1.0,1.0,1.0,1.0,1.0,1.0,1.0,1.0
14,368.4409871356984,1075.5619524977951,1376.7940276206712,6.838097613770895,1386.5660220720895,-8.77199327600755,-655.0424699865416,-926.6929958882396,-9.735873911580212,-1.3540232543364517,0.4793326209564155,4.539208194556268,-2.9051524005869584,2.9329452563458402,1.0,1.0,1.0,1.0,1.0,1.0,1.0,1.0,1.0,1.0,1.0,1.0
15,-277.84830452542684,1092.5642561565023,-8653.400678030424,-30.331571554017206,-9501.702821624009,849.302132406988,2102.7566551091777,8826.070368452234,66.88293014075846,8.756808725822063,23.200346421413485,-27.214407667447887,15.63072295066902,-15.700848922258649,1.0,1.0,1.0,1.0,1.0,1.0,1.0,1.0,1.0,1.0,1.0,1.0
16,787.3150626419174,59903.011364185484,516.1335255565027,3.6546544400576657,503.0881381801828,14.045387063210114,-338.5809145273565,-158.0571314106237,-3.0658275118814657,-0.5479585277593113,1.9994444991787397,1.7022127222292305,-1.3179480058121573,1.336706458636188,1.0,1.0,1.0,1.0,1.0,1.0,1.0,1.0,1.0,1.0,1.0,1.0
17,-217.39495110929994,904.2226056947491,686.8256248605031,3.6385892529924124,714.0641124268046,-26.238487789379953,-473.47190602419903,-255.3249077954466,-4.411652535742081,-0.6360823175284939,1.6667145461376822,1.9114027703038727,-1.311928903173664,1.3266603811003597,1.0,1.0,1.0,1.0,1.0,1.0,1.0,1.0,1.0,1.0,1.0,1.0
18,1585.4316282569146,1876.682763468585,321.2536225473618,-3.5750154740093,-992.4061956815357,1314.6598159413907,485.56101996606094,888.5090947974553,0.9839826390855348,1.6666368168823449,7.691613139210876,-3.16318556383401,2.2791615114151673,-2.2958539971085523,1.0,1.0,1.0,1.0,1.0,1.0,1.0,1.0,1.0,1.0,1.0,1.0
19,-274.0964448380481,6072.518908760852,604.2476007387247,1.5410075183717993,258.5470720082543,346.70052791257626,-304.0992332132679,90.37372424954117,-3.087961119169174,-0.018569640763532513,3.9063470926978323,0.8758982903697552,-0.2647980941219288,0.27620943714217017,1.0,1.0,1.0,1.0,1.0,1.0,1.0,1.0,1.0,1.0,1.0,1.0
20,-288.2854590020311,-212.27222292156694,600.3506715952316,1.451897760439923,217.4253247302812,383.9253459945053,-258.45799007681035,123.47439551764208,-3.0882275845183544,0.060579610008043586,3.987672728604273,0.7371047523031989,-0.22053461672607344,0.23136315516229705,1.0,1.0,1.0,1.0,1.0,1.0,1.0,1.0,1.0,1.0,1.0,1.0
21,617.8766947274372,3042.248822740594,466.5814413249086,1.416684069833507,-162.20974401267148,629.7911860809263,99.41159729673171,441.4954282498728,-2.853884164780113,0.7381154529483005,4.709753603403157,-0.538989275751884,-0.20343632122416416,0.21324773311396944,1.0,1.0,1.0,1.0,1.0,1.0,1.0,1.0,1.0,1.0,1.0,1.0
22,273.86445812577074,555.8692579084864,495.7066218316697,1.2584056058452482,-373.940202939595,870.6468273544263,413.73978866233455,568.623005834928,-3.035575373744769,1.0024676628436628,4.399747489845297,-0.9987841259042245,-0.12437449488764851,0.13403107364983038,1.0,1.0,1.0,1.0,1.0,1.0,1.0,1.0,1.0,1.0,1.0,1.0
23,237.56816292624796,-1898.094699345837,560.0960594973858,1.3838135526025264,41.67820030911372,519.4178581903017,35.74707920572928,295.3256428792714,-3.765033594504813,0.6888345425039442,4.5762815037647115,-0.19332848991275775,-0.1866111068219028,0.19720245147923415,1.0,1.0,1.0,1.0,1.0,1.0,1.0,1.0,1.0,1.0,1.0,1.0
24,1166.6488315132124,382.6817476249306,551.1600685042444,1.3330286209413442,-11.890759978683754,564.0508279363553,106.65383456025256,322.589631341759,-3.6257396440828,0.7267742664055763,4.527518145684464,-0.2910393229835927,-0.1609344108693731,0.17209421003662667,1.0,1.0,1.0,1.0,1.0,1.0,1.0,1.0,1.0,1.0,1.0,1.0
25,861.7501716391845,3448.6994713716945,866.8570518823275,1.0359656397708896,-516.7347333772457,1384.5917885620938,1021.8220784374763,739.4432053998273,-5.002304433849084,1.4220453283451757,2.6667203988170645,-1.36472753788104,-0.012045651239436073,0.02391993922387531,1.0,1.0,1.0,1.0,1.0,1.0,1.0,1.0,1.0,1.0,1.0,1.0
26,639.2071419458907,-592.1935739164353,776.7063409591667,1.0439222547920535,-468.3384728837812,1246.0448167214522,826.484065411487,688.6409467519067,-4.264461679814541,1.2550838420972117,3.1433992921753604,-1.2520403100324664,-0.016448179689229396,0.027474030808704808,1.0,1.0,1.0,1.0,1.0,1.0,1.0,1.0,1.0,1.0,1.0,1.0
27,-225.72577483874073,-2025.3006115983019,619.6759498814084,0.8401376157261717,-325.0692506027738,945.7452035472052,438.98800750378325,581.3609204431621,-3.193632888975057,1.011216164275675,3.479932397894465,-0.912193982614731,0.08640255845380548,-0.07345986233157603,1.0,1.0,1.0,1.0,1.0,1.0,1.0,1.0,1.0,1.0,1.0,1.0
28,369.952657056775,-802.3302396151757,525.4353365639661,0.7875334045190092,-287.36055119542107,813.7958903753477,303.19456590975284,557.0260781898053,-2.6346151455505473,0.902524815942096,3.483786230106301,-0.7894548497564607,0.11257591601011335,-0.09989071038972672,1.0,1.0,1.0,1.0,1.0,1.0,1.0,1.0,1.0,1.0,1.0,1.0
29,-271.39336453100077,-382.2205961730676,470.0455180629409,0.691629717017519,-275.2413373489002,746.2868578177207,232.15862937427323,546.6420082108633,-2.31675407263339,0.8544859446527151,3.4706384020818857,-0.7210556508413475,0.1604030444914803,-0.14796726666681634,1.0,1.0,1.0,1.0,1.0,1.0,1.0,1.0,1.0,1.0,1.0,1.0
30,-291.81480021929707,488.3157310624717,631.4191424160373,0.6881498155598058,-293.57791724502766,925.9970625229433,425.0085701051968,567.1518050519103,-3.2351660958965875,1.0214473504312698,3.337488507822878,-0.9251256310804624,0.1623916098697708,-0.149458608642242,1.0,1.0,1.0,1.0,1.0,1.0,1.0,1.0,1.0,1.0,1.0,1.0
31,196.84781472604612,1419.9875481746867,1131.3960410777756,0.5025998216424684,-408.2525832133498,1540.6486288887363,984.4191404424093,634.2845316569301,-6.045287075815846,1.5949168713860868,3.3246765681503154,-1.630949005293906,0.25470367786919856,-0.24269655599664045,1.0,1.0,1.0,1.0,1.0,1.0,1.0,1.0,1.0,1.0,1.0,1.0
32,161.13948324374465,4846.129931961161,-3637.7759889215204,5.4385159729403165,170.28627428779043,-3807.0622640315605,-3884.3033421473665,-280.0289861672378,22.16938971278313,-4.179959333840191,2.3875799289148807,5.364546797758668,-2.205940476087317,2.2325755779939103,1.0,1.0,1.0,1.0,1.0,1.0,1.0,1.0,1.0,1.0,1.0,1.0
33,-132.5541377362034,5195.190444990698,8332.768188317164,-5.831414727310599,-1247.7029221840098,9581.471108842543,8789.661133319767,1773.4781697742947,-46.957546565956235,9.830730988076475,4.293667107446813,-11.800778450557853,3.413537545401695,-3.4178774019225617,1.0,1.0,1.0,1.0,1.0,1.0,1.0,1.0,1.0,1.0,1.0,1.0
34,1036.061166418977,-7735.803754704099,2991.2341491441066,-1.1979667660199826,-513.4942749065289,3505.7284227137798,3056.1864387181395,824.2902309142747,-15.858408712869672,3.5225568466265553,3.705782820978696,-4.480587183789357,1.1018893303136381,-1.0960775257449114,1.0,1.0,1.0,1.0,1.0,1.0,1.0,1.0,1.0,1.0,1.0,1.0
35,1071.429604460901,-10742.216471620544,839.829913345427,0.8406822471385786,-226.9151657174254,1067.7450786046084,492.6534268489204,571.6896627841949,-3.8025116344032313,1.1097732555299085,3.462924503714734,-1.490496771124708,0.08378073496299465,-0.07553705708863734,1.0,1.0,1.0,1.0,1.0,1.0,1.0,1.0,1.0,1.0,1.0,1.0
36,234.29149577642818,2603.252292410946,1324.526206479515,1.319498341675938,-289.0834237432994,1614.6096295493548,1021.2179832546046,779.5126023160033,-7.153728490156688,1.6334737574147242,2.2969741871027707,-2.0075806101091156,-0.15679953841503047,0.16269875361794803,1.0,1.0,1.0,1.0,1.0,1.0,1.0,1.0,1.0,1.0,1.0,1.0
37,-251.08568407570866,2196.531772945118,1988.39932110205,2.0892426907109902,-342.6134636438005,2332.012783456898,1459.3404218181997,1000.1890994727045,-11.865718570126457,2.317054243966891,3.3650452665594717,-2.6623036217020024,-0.5442084397048086,0.5450341851948657,1.0,1.0,1.0,1.0,1.0,1.0,1.0,1.0,1.0,1.0,1.0,1.0
38,-292.10832291379256,2441.9324989470138,3853.7449012687134,3.660919487970965,-354.5208715524186,4209.2657699557185,2806.216779790575,1488.8595484517223,-24.392130673591268,4.1556400216651035,5.096217224780629,-4.567482129063516,-1.3339592243579075,1.3269601662442045,1.0,1.0,1.0,1.0,1.0,1.0,1.0,1.0,1.0,1.0,1.0,1.0
39,679.5016082006279,-6958.764925245083,1270.353459261686,1.875451415590228,-396.57986007110844,1667.9333186855224,1162.1783306976172,793.023655057833,-7.180018196504012,1.6225198702683192,2.128523335617999,-1.9737588653918512,-0.435749470417355,0.43970189063591303,1.0,1.0,1.0,1.0,1.0,1.0,1.0,1.0,1.0,1.0,1.0,1.0
40,-53.713444220226535,-4643.181249464918,416.56984022801055,1.1437986744991877,-369.0705281367887,786.6403683146995,335.953041545167,590.3139280294397,-1.9807597013647165,0.8522139965947956,2.307407469770669,-0.9537620115008671,-0.06896154152526213,0.07483709866600508,1.0,1.0,1.0,1.0,1.0,1.0,1.0,1.0,1.0,1.0,1.0,1.0
41,865.1255948804794,1613.2707101213123,761.0823259500654,1.6565995381622942,-336.84879928668636,1098.9311244756027,596.5801068844705,622.477662557419,-4.3851465555449884,1.1630208154600352,2.5712401403297673,-1.0990679223216042,-0.32444965248837276,0.3321498481020948,1.0,1.0,1.0,1.0,1.0,1.0,1.0,1.0,1.0,1.0,1.0,1.0
42,308.32791772737585,2102.5550690481828,1136.4386205359056,2.3524757846437194,-308.9980101505781,1446.4366292557627,710.0956959863693,706.0539397965385,-7.302948269971129,1.5433318848328588,3.770429710879837,-1.299572977113352,-0.6729592397095132,0.6795165035477669,1.0,1.0,1.0,1.0,1.0,1.0,1.0,1.0,1.0,1.0,1.0,1.0
43,-283.25013540145267,-407.51196108003234,1091.8367560866348,2.133102125531845,-294.133051704269,1386.9698063456497,670.9663334563714,689.3952856087104,-6.903460687610582,1.4893301451495136,3.6505761648001758,-1.2809552834684539,-0.5633230179249797,0.5697790688482111,1.0,1.0,1.0,1.0,1.0,1.0,1.0,1.0,1.0,1.0,1.0,1.0
44,512.3464504956996,2138.269815179692,1348.3279640305336,3.5576544458143333,-395.5206563921955,1744.8486198756093,899.2270348927922,899.1837090922444,-9.246098091231355,1.8581205602330897,3.474898669909602,-1.506503558751513,-1.2748220020165504,1.2828323855196282,1.0,1.0,1.0,1.0,1.0,1.0,1.0,1.0,1.0,1.0,1.0,1.0
45,204.4387134884591,-880.3173505767145,1294.7115061546924,2.777760258304865,-325.0100285297102,1620.7215337018645,836.3828644007118,783.8670065146213,-8.367728333734627,1.6960485556372051,3.3383534796466368,-1.4476044934135324,-0.8855659945569865,0.8921942163554767,1.0,1.0,1.0,1.0,1.0,1.0,1.0,1.0,1.0,1.0,1.0,1.0
46,-293.65220625175454,26.912516574920858,1295.6726809068525,2.8246401912711683,-330.05050980695904,1626.7231897812849,841.7492123322512,791.1914934766031,-8.40367755771588,1.7039911154476526,3.3255694805352727,-1.451603944634533,-0.9089495340075808,0.9156906091029775,1.0,1.0,1.0,1.0,1.0,1.0,1.0,1.0,1.0,1.0,1.0,1.0
47,731.7247149894838,-4052.8279990705105,1218.827699361854,-1.0634825255850373,87.15022265797074,1132.6774720361843,379.8331497922038,227.08378506655436,-5.560481136693811,1.091100839100299,4.56487656727388,-1.3556016387331429,1.02910311371353,-1.0343793980135245,1.0,1.0,1.0,1.0,1.0,1.0,1.0,1.0,1.0,1.0,1.0,1.0
48,-295.57461877095886,-3508.6958331333026,1165.7792589151877,-3.762288189241334,362.9828147964503,803.7964373992047,212.60935542694753,-84.16910692114811,-4.169086184517033,0.8434284823327916,4.652873933237089,-1.193968459302375,2.3776020281874377,-2.384686110049675,1.0,1.0,1.0,1.0,1.0,1.0,1.0,1.0,1.0,1.0,1.0,1.0
49,-283.31323232776964,1009.8402945506614,1147.2748444972688,-2.950756898049945,274.48789961715454,873.7869390512501,211.5949967223118,41.709502278866594,-4.252337316066173,0.8834017814922587,4.783746642406466,-1.278425021890208,1.9725047957823039,-1.9782520648447144,1.0,1.0,1.0,1.0,1.0,1.0,1.0,1.0,1.0,1.0,1.0,1.0
50,-298.3718015560245,-255.67062266909625,1151.8413964002461,-3.089290992407486,296.8756671265484,855.9657232428794,205.28746717198814,19.63229649356943,-4.242970935452894,0.8693245718391601,4.73344512290072,-1.259258255381088,2.0416008473328087,-2.04769010470315,1.0,1.0,1.0,1.0,1.0,1.0,1.0,1.0,1.0,1.0,1.0,1.0
51,-296.2839891540903,1246.8970822776785,1116.3574425559455,-2.3234719600191114,194.05560480120738,923.301833387854,200.6061803841165,170.2050185827396,-4.07081055066469,0.9531861345175351,5.106474180371287,-1.5591795837945777,1.6600652773219604,-1.6634066614191307,1.0,1.0,1.0,1.0,1.0,1.0,1.0,1.0,1.0,1.0,1.0,1.0
52,-296.8019758655018,-3414.9745168367836,1194.5867708415685,-3.4114614791125746,378.7091257165307,816.877637933556,130.89875698999606,-25.825797151151818,-4.410655838174747,0.7847535972467277,4.562291176063896,-1.0325466742974208,2.201841494455223,-2.209619931944906,1.0,1.0,1.0,1.0,1.0,1.0,1.0,1.0,1.0,1.0,1.0,1.0
53,1411.5325878400402,4123.3095124972615,1121.563299123455,-2.621884354067644,130.04005108948672,992.5232442623777,-59.72810630862864,248.95204161967345,-4.070567197712072,1.0508001574951908,6.648866960600305,-1.1960347147384636,1.812078738622556,-1.8098056049193012,1.0,1.0,1.0,1.0,1.0,1.0,1.0,1.0,1.0,1.0,1.0,1.0
54,-298.90442797312323,-112.15471489846817,1119.4906187865893,-2.6295117104701897,135.23019419480656,985.2604207700833,-66.28223767582229,244.029429912415,-4.0383886446411354,1.0389055211315865,6.650269511143829,-1.1816064741827137,1.8159081408334494,-1.8136035584303152,1.0,1.0,1.0,1.0,1.0,1.0,1.0,1.0,1.0,1.0,1.0,1.0
55,1351.9615830597563,4467.920792663777,1272.9502406246984,-2.8689018701765723,-83.16914193417503,1357.1193803831588,-170.21672513077036,572.8261123830295,-4.9953900092246695,1.51417377581903,8.467992197211714,-1.711391384789516,1.93556906240256,-1.9333328269792158,1.0,1.0,1.0,1.0,1.0,1.0,1.0,1.0,1.0,1.0,1.0,1.0
56,-217.74935323453545,-1154.1524033188225,1209.3068095801486,-2.5863213504288947,-43.00223831720569,1253.3090455555732,-180.3461444437645,539.2331266337883,-4.390311993190065,1.3150253987317846,7.725908253680251,-1.5219018505799902,1.7948462392138689,-1.791475125042213,1.0,1.0,1.0,1.0,1.0,1.0,1.0,1.0,1.0,1.0,1.0,1.0
57,465.6851297741923,-497.53573220121405,1187.2579478256307,-2.508166807931751,-28.13152879571947,1216.3894742281427,-167.01920664521555,529.9772343595823,-4.221296989094817,1.2587020687193375,7.277100349932405,-1.4719262836672373,1.7558519325944135,-1.752314886768837,1.0,1.0,1.0,1.0,1.0,1.0,1.0,1.0,1.0,1.0,1.0,1.0
58,-291.09674021468356,328.4084364452716,1210.0575539112276,-2.5560445119843758,-31.086683902320015,1242.1442354675212,-165.21458627423596,533.510866186734,-4.345697653550593,1.2933649647439274,7.473401455554758,-1.515497404160476,1.7797961914801796,-1.7762483331023966,1.0,1.0,1.0,1.0,1.0,1.0,1.0,1.0,1.0,1.0,1.0,1.0
59,1271.626721578005,-4044.217848825326,951.2283318402308,-1.9885573479529295,-36.17615779456834,988.4044872541373,14.443608910282762,440.34640469391206,-3.189528231956391,0.9844205413431157,4.766835517044589,-1.2456216530227004,1.49464979987612,-1.4939075479279986,1.0,1.0,1.0,1.0,1.0,1.0,1.0,1.0,1.0,1.0,1.0,1.0
60,1058.9466303883842,-1742.1025473158766,892.6523084965365,-1.95350125043754,-28.73479878918186,922.3871054424114,74.25404276970372,390.3912690113769,-2.840197945164559,0.9000944723465625,4.032973256323548,-1.1970329169356908,1.4768805883305887,-1.476620661080388,1.0,1.0,1.0,1.0,1.0,1.0,1.0,1.0,1.0,1.0,1.0,1.0
61,109.36511254450909,1897.6448669968836,984.3626148816385,-1.9171356850269385,0.6214798242755641,984.7411331658709,115.47355814151496,386.0297806396448,-3.4417652507053833,1.0107722513443083,4.364398430107204,-1.2823755479506629,1.4597051054292778,-1.457430579554305,1.0,1.0,1.0,1.0,1.0,1.0,1.0,1.0,1.0,1.0,1.0,1.0
62,-268.7663500401709,786.3368476678766,1009.1067342129671,-1.7784614890630603,3.2188572863498264,1006.8878741533839,50.26325487201406,404.53601235890153,-3.6536876066945676,1.0426185687706198,4.868236673914487,-1.2881895153947531,1.3901394514966972,-1.3883220345991751,1.0,1.0,1.0,1.0,1.0,1.0,1.0,1.0,1.0,1.0,1.0,1.0
63,-235.3555753165,2425.1084977514333,1138.1867470624995,-1.8014140240693524,2.757741164634823,1136.4290028164708,155.79677022692061,431.58699776947367,-4.435854847337872,1.2442426436075364,5.088405165865678,-1.5710729951686417,1.4020761777026876,-1.399337845781681,1.0,1.0,1.0,1.0,1.0,1.0,1.0,1.0,1.0,1.0,1.0,1.0
64,-280.99329304488657,1591.3575734064418,1237.7849164658405,-1.8395548074684378,-0.4228994171587952,1239.2078127625605,181.78302131647354,435.09941215213087,-4.889742653102485,1.3806513061471,5.7478467025930025,-1.810633241410508,1.421412190194288,-1.4181426192683961,1.0,1.0,1.0,1.0,1.0,1.0,1.0,1.0,1.0,1.0,1.0,1.0
65,-47.42459194659526,-2770.7563212490336,1041.697461412887,-1.5858823290030113,-2.851803841180192,1045.5492625628572,135.78660618575503,366.10294597914594,-4.216726108316348,1.174359539039113,4.891737876780643,-1.4309654678269421,1.2935238764864208,-1.2923584498302927,1.0,1.0,1.0,1.0,1.0,1.0,1.0,1.0,1.0,1.0,1.0,1.0
66,336.7888133294636,683.3965011970674,1086.4798907761042,-1.5639244048832281,-11.477187044183577,1098.9570750730309,124.44959314215701,384.2055577687493,-4.323304577370644,1.1995315766917862,5.243969952933683,-1.503564176808965,1.2825563370330286,-1.2813680665539062,1.0,1.0,1.0,1.0,1.0,1.0,1.0,1.0,1.0,1.0,1.0,1.0
67,670.3008965602935,-1955.5955724432433,1006.9524342001799,-1.6143401566756956,19.102113793324406,988.8503175871283,105.03066244489489,368.9039868733654,-3.8972277060076195,1.083785099931625,4.445294815528307,-1.3507826677509236,1.3075940618628747,-1.3067460883885396,1.0,1.0,1.0,1.0,1.0,1.0,1.0,1.0,1.0,1.0,1.0,1.0
68,510.0932320196266,-575.3406852826988,979.970385190766,-1.587560845887698,14.041720202981434,966.9286623632062,95.5979991497479,370.18641090913593,-3.7369134531791532,1.0447510387549237,4.238378858739697,-1.3260730376588437,1.2938175139047867,-1.2937433259157212,1.0,1.0,1.0,1.0,1.0,1.0,1.0,1.0,1.0,1.0,1.0,1.0
69,243.19254661363692,3027.9175820001424,1191.0686977350022,-1.3169323355494051,17.473599069546353,1174.5950956054799,155.38425476503716,390.33009215795136,-4.880543957537199,1.2555824710862207,4.645006538576166,-1.594742265085558,1.1583419645477904,-1.158590367427214,1.0,1.0,1.0,1.0,1.0,1.0,1.0,1.0,1.0,1.0,1.0,1.0
70,-281.88166814492814,588.6361362470373,1238.5415368387726,-1.3390793277293265,17.755923768951657,1221.7856098776474,180.48248411036454,392.66862888873663,-5.118344497510932,1.308082040614426,4.734134461274491,-1.677512277464371,1.169289135756639,-1.1697901881978756,1.0,1.0,1.0,1.0,1.0,1.0,1.0,1.0,1.0,1.0,1.0,1.0
71,571.2881233327073,-1573.154249989317,1130.9098120011147,-1.1492792497759918,26.398444118270938,1105.5113655079097,172.28017386828392,352.3510481859371,-4.652256861843388,1.172302469425683,4.438809380612347,-1.4360568831402942,1.0752798357115918,-1.073999411742989,1.0,1.0,1.0,1.0,1.0,1.0,1.0,1.0,1.0,1.0,1.0,1.0
72,140.7589521390389,1122.3910246508992,1205.6469926546777,-1.3357694423861872,29.683233993399377,1176.9637560296944,192.65778934954656,372.15985396347526,-4.958538183572592,1.259660936644018,4.5310420702238146,-1.6001455514877914,1.1681025849379836,-1.1676668544369473,1.0,1.0,1.0,1.0,1.0,1.0,1.0,1.0,1.0,1.0,1.0,1.0
73,2213.6818905147966,2042.6468767532997,1352.9087421952938,-1.7955784696562427,-9.717626702065338,1363.6263658795026,231.95074097111922,434.3406610409755,-5.6560749502631875,1.45432509289206,5.222544818219691,-1.7867561602209627,1.3976759444025963,-1.397902526013314,1.0,1.0,1.0,1.0,1.0,1.0,1.0,1.0,1.0,1.0,1.0,1.0
74,321.8696063044863,-3388.4690970535803,1158.8492098943914,-1.3682953980170791,49.99459901146116,1109.8546085768587,232.18564834950956,348.7538546341224,-4.4331766354552276,1.1803292471358193,4.054019714845763,-1.5023888359660678,1.1864775164445516,-1.181817880342674,1.0,1.0,1.0,1.0,1.0,1.0,1.0,1.0,1.0,1.0,1.0,1.0
75,396.05171100327385,1449.440244484457,1264.2160910443727,-1.0612019639572385,26.268633713539398,1238.9474547395696,304.08697480389753,389.8744607858208,-5.227592575988054,1.2947595357160493,4.003702665104156,-1.5452368968852326,1.0327164758189658,-1.0284854886464008,1.0,1.0,1.0,1.0,1.0,1.0,1.0,1.0,1.0,1.0,1.0,1.0
76,274.2384633829215,2241.476587636539,1487.7753819977895,-0.5522671712062371,-2.166899288438824,1490.942277895704,401.65970690480816,445.5360412409308,-6.674883628817952,1.4957292811945733,4.000358638320148,-1.6724532093537834,0.7772407161815145,-0.7750264560812892,1.0,1.0,1.0,1.0,1.0,1.0,1.0,1.0,1.0,1.0,1.0,1.0
77,-295.4983377985693,5791.428790812075,2038.5988980827083,1.5968347007995662,-207.76905706936697,2247.3679511535,820.7087836965793,1030.8642261302139,-12.468272544014006,2.6317122867299285,1.900756533600187,-2.4025492916158138,-0.29877591443866014,0.29805876218049576,1.0,1.0,1.0,1.0,1.0,1.0,1.0,1.0,1.0,1.0,1.0,1.0
78,-290.66276776367386,-7827.6865500849635,1554.1709049323795,0.1638118974865337,11.226445885662145,1543.9444544830194,435.7588191029877,513.9101736631969,-7.1814471668047375,1.4291265129028234,2.9359847554545215,-1.5119277997679128,0.4183725399986603,-0.41781555759076183,1.0,1.0,1.0,1.0,1.0,1.0,1.0,1.0,1.0,1.0,1.0,1.0
79,-273.83446825449556,-171.5271346130608,1544.5317582451305,0.10943053402284847,17.80699006496769,1527.7247635082235,429.8244564112556,505.4932362808425,-7.055637901848684,1.3993611167858724,2.8867242189746816,-1.4896740982518155,0.4455291893373719,-0.44504027028978427,1.0,1.0,1.0,1.0,1.0,1.0,1.0,1.0,1.0,1.0,1.0,1.0
80,-299.6324807723674,-3057.8469131558636,1435.255276651679,-0.702344900964142,81.97974756738357,1354.2755236365888,318.73764725100517,370.6360733647865,-5.000535084387058,0.8735989094239696,2.686311024107358,-1.1523744763605306,0.8499720545229746,-0.8523728255007978,1.0,1.0,1.0,1.0,1.0,1.0,1.0,1.0,1.0,1.0,1.0,1.0
81,2032.0066514812095,2186.810148399468,1479.162889542171,-0.30626136292506856,14.478402921887508,1465.6844830560467,336.5962833542883,507.5434279825122,-6.155512471620792,1.2275446727226655,2.8219156156416654,-1.3587589404735692,0.6533622896250995,-0.6528990696204395,1.0,1.0,1.0,1.0,1.0,1.0,1.0,1.0,1.0,1.0,1.0,1.0
82,-261.1241881254066,357.93094980199874,1484.2171809040833,-0.19972140541146952,-4.5637781285887264,1489.780955769928,359.3800606745238,528.681196674558,-6.32812435966445,1.2781811002518182,2.7964361865617486,-1.4005534584748913,0.6001812438714728,-0.5995401609759703,1.0,1.0,1.0,1.0,1.0,1.0,1.0,1.0,1.0,1.0,1.0,1.0
83,1061.3245228750484,-2462.72853554903,1426.2930387231231,-0.8995753655697712,85.6986837471925,1341.5943503179476,319.801060313362,375.39790615728,-5.31555301699031,1.0244445298244238,2.8896994139353387,-1.2627686114403807,0.9493686793419857,-0.9502066705880785,1.0,1.0,1.0,1.0,1.0,1.0,1.0,1.0,1.0,1.0,1.0,1.0
84,-299.030657041472,1875.5806333912326,1472.396344479369,-0.14768445399713825,-5.963228921041264,1479.3595694660069,431.19799788636703,478.1679849558601,-6.287321423532145,1.231919414938459,2.60777500041024,-1.35139041677138,0.5735642121641072,-0.5741202380081303,1.0,1.0,1.0,1.0,1.0,1.0,1.0,1.0,1.0,1.0,1.0,1.0
85,-298.0830273541541,-648.244616242137,1449.3668427814534,-0.39493599023918025,20.381879044027,1429.9849596066356,392.7296638151546,446.119042877734,-5.923500578839735,1.1579307212412127,2.7562948111017542,-1.3113748155934724,0.6972631188934659,-0.6976728639908023,1.0,1.0,1.0,1.0,1.0,1.0,1.0,1.0,1.0,1.0,1.0,1.0
86,-298.59429750000413,-3083.8192455211274,1371.5593371981863,-1.1323751850426773,102.56467834139424,1269.9946537583965,323.8664072128374,292.4799698744635,-4.805489331596735,0.9165979349908916,3.080061379818904,-1.1245013176727479,1.0661766948020026,-1.0661984704540004,1.0,1.0,1.0,1.0,1.0,1.0,1.0,1.0,1.0,1.0,1.0,1.0
87,-279.68219610843977,2019.4782339569965,1414.9039412544507,-0.8711982655244923,59.78344641298168,1356.1204902013426,397.41824022057176,377.39244891494263,-5.2989172486672524,1.046797172389076,2.882077727235913,-1.2100704762531354,0.9364676555521864,-0.9347305968227505,1.0,1.0,1.0,1.0,1.0,1.0,1.0,1.0,1.0,1.0,1.0,1.0
88,-288.4234647892069,-465.49126794915566,1391.3093821995124,-0.8690985815770047,65.547730609276,1326.761647017832,353.8101692910294,371.29042038157513,-5.196279724137289,1.0201077985460307,2.988962851559522,-1.1619318476534333,0.9353397263673338,-0.9337588416425736,1.0,1.0,1.0,1.0,1.0,1.0,1.0,1.0,1.0,1.0,1.0,1.0
89,915.6813439027405,1513.1318905914577,1499.4911486803994,-0.7244515456215689,37.82797868111159,1462.6631651473936,422.5491287639435,385.9039432685736,-5.594162221459667,1.0828362644700342,2.984408592257942,-1.2718712379414734,0.8625766026356996,-0.8618749306650487,1.0,1.0,1.0,1.0,1.0,1.0,1.0,1.0,1.0,1.0,1.0,1.0
90,1958.5486787360608,1884.1572975037807,1666.7190088090344,-0.9191126161298232,3.4021386217228624,1664.3168640007468,527.8289774975625,387.9335251648112,-6.310611244095703,1.2486635912384667,3.0510605314143637,-1.491517714753778,0.9584865070291307,-0.9606260937250443,1.0,1.0,1.0,1.0,1.0,1.0,1.0,1.0,1.0,1.0,1.0,1.0
91,-211.31046846422163,1059.4190799526887,1754.5403170861032,-0.8360410392130754,-40.56221193590905,1796.1025220899094,608.0051520170115,411.3478967364832,-6.731219781878228,1.327901761507881,2.8814676183932164,-1.6169110405393607,0.915593098687845,-0.9204479244327823,1.0,1.0,1.0,1.0,1.0,1.0,1.0,1.0,1.0,1.0,1.0,1.0
92,657.3854215588186,-415.9694441627504,1716.1458482414882,-0.8410020208736185,-21.674838737167097,1738.8206803332139,577.2444096415695,403.6329653903118,-6.569946834548115,1.2968625164111065,2.882803599361193,-1.5700349476272497,0.9185848578244507,-0.9224171471147373,1.0,1.0,1.0,1.0,1.0,1.0,1.0,1.0,1.0,1.0,1.0,1.0
93,-296.2717215361148,-1405.965218003697,1557.290615572818,-0.9005041445992741,33.088951745029576,1525.2016583621446,462.6260790954786,378.2790058284996,-5.988729569213978,1.2166266712991634,3.06298757216278,-1.4059720228073733,0.9504079031096547,-0.9500962278335849,1.0,1.0,1.0,1.0,1.0,1.0,1.0,1.0,1.0,1.0,1.0,1.0
94,-275.4607757482284,-2652.244782984165,1357.6846367573214,-1.0177217716218887,138.3184919820896,1220.3661407557822,301.4994548145886,332.19404821194155,-5.34222526769537,1.1089861024919598,3.0942255905122336,-1.1654294713882876,1.0116641287330799,-1.0060576288084817,1.0,1.0,1.0,1.0,1.0,1.0,1.0,1.0,1.0,1.0,1.0,1.0
95,46.533779514117555,-4352.476385401603,1069.4700803580326,-1.2316900950091003,245.6321194472862,824.8379599991972,-29.33658684450819,258.4520781675818,-4.520507242636756,1.015363163802493,4.0449710773559495,-0.8831794567076255,1.1212982961620344,-1.1103917914036554,1.0,1.0,1.0,1.0,1.0,1.0,1.0,1.0,1.0,1.0,1.0,1.0
96,-17.85370634390341,-1543.9323498718843,1009.3203447592672,-1.3659492415614036,286.6994948883504,723.6208492241614,-80.71289189944227,237.796669312119,-4.427242889757553,1.0053563909160905,4.0148083352924635,-0.7982434264527855,1.1890701163175865,-1.1768791159402474,1.0,1.0,1.0,1.0,1.0,1.0,1.0,1.0,1.0,1.0,1.0,1.0
97,99.5904084255273,2154.2759511411487,1064.4477413614718,-1.033705140268121,248.40651652042493,817.0412240234435,-38.1819468610126,264.71620519283846,-4.490190311847307,1.0011424615230218,3.9577993535799765,-0.8694639014269233,1.022712331130404,-1.0109928022080634,1.0,1.0,1.0,1.0,1.0,1.0,1.0,1.0,1.0,1.0,1.0,1.0
98,481.7655073267826,1411.5094135557313,1096.1563860874585,-1.0394063983141228,243.16829182020803,853.9880936893901,-73.10864237199729,293.7723997576114,-4.613189829965066,1.0392663981776054,4.333065226888378,-0.9395740256785159,1.0256622308950778,-1.0137441633731563,1.0,1.0,1.0,1.0,1.0,1.0,1.0,1.0,1.0,1.0,1.0,1.0
99,288.15503897282485,-2722.936696653288,1028.302419744267,-0.9997899009547898,240.13288579867725,789.1695332118638,-125.57339772887656,292.8913640199458,-4.366215433403003,0.977187314627989,3.802890249465027,-0.8284796423206149,1.0048217926187895,-0.9949681005290405,1.0,1.0,1.0,1.0,1.0,1.0,1.0,1.0,1.0,1.0,1.0,1.0
100,1402.2235933211,2183.8627698356436,1115.1704926556806,-0.6633979125318299,274.53939788465357,841.6310942431389,-144.75649742810845,287.4924806047042,-4.643048464311775,0.9786770874415054,4.1963798409895885,-0.8055182097350191,0.8383030685841427,-0.825094838445555,1.0,1.0,1.0,1.0,1.0,1.0,1.0,1.0,1.0,1.0,1.0,1.0
101,-187.07055559003072,2597.633388835493,1236.2925858686156,-0.13016649137056158,291.8138869452197,945.4786984808717,-303.9723850897408,418.25123155945346,-5.159960021739678,0.9841383051135177,4.679519356400441,-0.8200988363436925,0.5717887328940414,-0.5583777550612938,1115.1704926556806,-0.6633979125318299,274.53939788465357,841.6310942431389,-144.75649742810845,287.4924806047042,-4.643048464311775,0.9786770874415054,4.1963798409895885,-0.8055182097350191,0.8383030685841427,-0.825094838445555
102,-286.35738462901736,1126.6405080601412,1297.7201975884984,0.019475637234172838,289.13607112961165,1009.5841258091651,-297.728390870658,463.3656471800159,-5.509090716907765,1.0179662678260908,4.664750944831716,-0.8250825249561344,0.49701550116152665,-0.48350885849150343,1115.1704926556806,-0.6633979125318299,274.53939788465357,841.6310942431389,-144.75649742810845,287.4924806047042,-4.643048464311775,0.9786770874415054,4.1963798409895885,-0.8055182097350191,0.8383030685841427,-0.825094838445555
103,-283.2204378304902,530.2525825748764,1339.0384858717978,0.07921969182269288,290.0369692210261,1050.0015158815047,-297.0898560041235,470.69710310148275,-5.708756247627565,1.03850944682762,4.769641501169439,-0.8465406412625269,0.4669894794796848,-0.453790825720628,1115.1704926556806,-0.6633979125318299,274.53939788465357,841.6310942431389,-144.75649742810845,287.4924806047042,-4.643048464311775,0.9786770874415054,4.1963798409895885,-0.8055182097350191,0.8383030685841427,-0.825094838445555
104,-255.61326416401047,413.38350365630515,1374.8871062060532,0.0945097611094513,291.35119152371124,1084.535911871441,-297.65388877512856,481.1972480968659,-5.859326254642984,1.0563711244791796,4.816106123463118,-0.8688841870699296,0.4581683890487257,-0.44732183450576457,1115.1704926556806,-0.6633979125318299,274.53939788465357,841.6310942431389,-144.75649742810845,287.4924806047042,-4.643048464311775,0.9786770874415054,4.1963798409895885,-0.8055182097350191,0.8383030685841427,-0.825094838445555
105,951.370192049098,562.4399135233828,1427.9965485971481,0.1356357554699611,285.4244852060578,1143.5720601671903,-328.53231320714207,499.10723397465364,-6.066183395364353,1.077728009358948,5.0847553426358925,-0.8960780977815609,0.4370759303427728,-0.4272882985545914,1115.1704926556806,-0.6633979125318299,274.53939788465357,841.6310942431389,-144.75649742810845,287.4924806047042,-4.643048464311775,0.9786770874415054,4.1963798409895885,-0.8055182097350191,0.8383030685841427,-0.825094838445555
106,-281.4489410983831,-1517.8336815276164,1316.676955563152,-0.03571334869242354,313.9433509023395,1003.733602459962,-310.5450044655614,471.4909130342822,-5.662070950734882,1.0424304133727769,4.538089684421642,-0.8208336590311057,0.5239839545848481,-0.511729377076777,1115.1704926556806,-0.6633979125318299,274.53939788465357,841.6310942431389,-144.75649742810845,287.4924806047042,-4.643048464311775,0.9786770874415054,4.1963798409895885,-0.8055182097350191,0.8383030685841427,-0.825094838445555
107,-291.8155866148479,-1077.2225095291928,1251.1743236464747,-0.11532321099968448,323.1235478852514,929.0507738316107,-340.99604632660976,453.57155143297166,-5.368120103262826,1.0012593697757626,4.533510269225865,-0.7787116328973414,0.563819394414037,-0.5515037968145582,1115.1704926556806,-0.6633979125318299,274.53939788465357,841.6310942431389,-144.75649742810845,287.4924806047042,-4.643048464311775,0.9786770874415054,4.1963798409895885,-0.8055182097350191,0.8383030685841427,-0.825094838445555
108,-263.71274030618827,-1477.5321612164098,1163.354187421238,-0.1029911729859422,320.90557622446335,843.4486099646941,-393.0563876571171,404.8962169809821,-5.033612111310741,0.9497756028050928,4.782182104122652,-0.6718533785550075,0.5577540267550399,-0.5452371273472729,1115.1704926556806,-0.6633979125318299,274.53939788465357,841.6310942431389,-144.75649742810845,287.4924806047042,-4.643048464311775,0.9786770874415054,4.1963798409895885,-0.8055182097350191,0.8383030685841427,-0.825094838445555
109,-196.27895613816366,669.4643976684983,1197.701275342408,-0.08953845062836832,320.1653141982191,878.5359596329422,-384.9709358854519,425.073568831839,-5.152191132930918,0.9662608181859922,4.772671722206517,-0.7014127205118103,0.5510388352355617,-0.5384995961757107,1115.1704926556806,-0.6633979125318299,274.53939788465357,841.6310942431389,-144.75649742810845,287.4924806047042,-4.643048464311775,0.9786770874415054,4.1963798409895885,-0.8055182097350191,0.8383030685841427,-0.825094838445555
110,-194.26453203431134,-3758.3337725993388,1022.5398875058384,-0.11555162466212965,296.0892354852362,727.4506529348386,-382.9867675016593,406.36936021862255,-4.3267632091882815,0.8385037721566282,3.9793299867914054,-0.5507830796345685,0.5644487143708381,-0.5511028991246362,1115.1704926556806,-0.6633979125318299,274.53939788465357,841.6310942431389,-144.75649742810845,287.4924806047042,-4.643048464311775,0.9786770874415054,4.1963798409895885,-0.8055182097350191,0.8383030685841427,-0.825094838445555
111,-233.6928617930528,185.16595189727312,1029.831161785053,-0.0953626273423643,297.03238872770237,733.7987739260578,-378.96809380410497,408.2884059793927,-4.365909143179976,0.8429042864113938,3.975126926242715,-0.5522839183518208,0.554425243251657,-0.5409373732558713,1115.1704926556806,-0.6633979125318299,274.53939788465357,841.6310942431389,-144.75649742810845,287.4924806047042,-4.643048464311775,0.9786770874415054,4.1963798409895885,-0.8055182097350191,0.8383030685841427,-0.825094838445555
112,-298.68404852925863,1354.694159757455,1093.7163339356503,0.07391160507593654,305.1026065257923,789.6137282291817,-378.75432990298555,418.48216277535107,-4.722737425113395,0.8860064232304261,4.061424121475975,-0.5954536648299631,0.46990934683004626,-0.45617904178396995,1115.1704926556806,-0.6633979125318299,274.53939788465357,841.6310942431389,-144.75649742810845,287.4924806047042,-4.643048464311775,0.9786770874415054,4.1963798409895885,-0.8055182097350191,0.8383030685841427,-0.825094838445555
113,-299.0071754462422,420.6937940453058,1114.0376816460869,0.10622268824130725,303.5774655654589,811.4602169389781,-374.8898887152268,422.02176864888133,-4.8262918048832235,0.9040269416344068,4.077683741794722,-0.6209471940776559,0.4537272205421053,-0.440050086467051,1115.1704926556806,-0.6633979125318299,274.53939788465357,841.6310942431389,-144.75649742810845,287.4924806047042,-4.643048464311775,0.9786770874415054,4.1963798409895885,-0.8055182097350191,0.8383030685841427,-0.825094838445555
114,-260.28849370675357,-1385.016798594198,1054.355334494624,0.12957410933072244,321.71155008183155,733.6437851752196,-463.8575075296547,401.8730254608317,-4.502879730172316,0.8310440258745948,4.3710201130236985,-0.5450117997808077,0.44181530977853556,-0.4286105723972555,1115.1704926556806,-0.6633979125318299,274.53939788465357,841.6310942431389,-144.75649742810845,287.4924806047042,-4.643048464311775,0.9786770874415054,4.1963798409895885,-0.8055182097350191,0.8383030685841427,-0.825094838445555
115,141.4686371075087,-155.47119843603866,1042.3820666077265,0.1299195073726583,323.27885910302,720.1032083228534,-462.48029784949097,400.8877979126262,-4.4578936692490725,0.8260374675960216,4.3287229229579705,-0.5393108064344744,0.4417441598091694,-0.42833632437807106,1115.1704926556806,-0.6633979125318299,274.53939788465357,841.6310942431389,-144.75649742810845,287.4924806047042,-4.643048464311775,0.9786770874415054,4.1963798409895885,-0.8055182097350191,0.8383030685841427,-0.825094838445555
116,-186.68581873056394,996.8557484169779,1128.877033704725,0.15848126738185195,323.55990605191613,806.3171281546802,-453.43070060426123,430.04947724531127,-4.791437058196362,0.8553138251656337,4.290109927588261,-0.5853886052804058,0.42704755735883076,-0.4144711676416658,1115.1704926556806,-0.6633979125318299,274.53939788465357,841.6310942431389,-144.75649742810845,287.4924806047042,-4.643048464311775,0.9786770874415054,4.1963798409895885,-0.8055182097350191,0.8383030685841427,-0.825094838445555
117,198.82143450846223,1128.9071149324138,1234.5659045673287,0.12535405129431662,323.23968237966903,912.3262219855142,-373.08290503089336,449.32582794096066,-5.147339739806936,0.8945557945558398,4.138534790543522,-0.673783206182514,0.44344197817241704,-0.43120396151800405,1115.1704926556806,-0.6633979125318299,274.53939788465357,841.6310942431389,-144.75649742810845,287.4924806047042,-4.643048464311775,0.9786770874415054,4.1963798409895885,-0.8055182097350191,0.8383030685841427,-0.825094838445555
118,-211.20534164622524,-311.2879934214402,1211.270729315915,0.11845038137618538,324.5712473110119,887.6994818137501,-392.82717267528153,443.6117136677325,-5.01200077107755,0.8738926269734406,4.194694328341116,-0.6524676352864819,0.44691993775717914,-0.43462967085777054,1115.1704926556806,-0.6633979125318299,274.53939788465357,841.6310942431389,-144.75649742810845,287.4924806047042,-4.643048464311775,0.9786770874415054,4.1963798409895885,-0.8055182097350191,0.8383030685841427,-0.825094838445555
119,23.75338079792195,-1317.3070570683549,1122.207311186429,0.12458642402767614,330.01250812263726,793.1948031661786,-443.7441660655662,424.32313239791057,-4.490559709688281,0.795487188172289,4.160493061757771,-0.5961975950661661,0.4440227654507329,-0.4313907997068956,1115.1704926556806,-0.6633979125318299,274.53939788465357,841.6310942431389,-144.75649742810845,287.4924806047042,-4.643048464311775,0.9786770874415054,4.1963798409895885,-0.8055182097350191,0.8383030685841427,-0.825094838445555
120,173.85946189329798,-513.0971265451421,1086.4221129030495,0.08159279858965528,325.6699182346072,761.7521948371209,-442.56799320635633,409.0013033549907,-4.261659367316098,0.7661062217284852,4.157737926268907,-0.5845396969755787,0.46550505909095313,-0.45290212981036143,1115.1704926556806,-0.6633979125318299,274.53939788465357,841.6310942431389,-144.75649742810845,287.4924806047042,-4.643048464311775,0.9786770874415054,4.1963798409895885,-0.8055182097350191,0.8383030685841427,-0.825094838445555
121,-219.15968400464695,177.2592152442214,1098.7847264991767,0.08745647989788467,327.1115319624397,772.6731946961008,-437.86651610286657,414.97563926291656,-4.341165420594682,0.7774402408483363,4.132327039476565,-0.5930909508777231,0.4625852668938756,-0.44995824112910315,1115.1704926556806,-0.6633979125318299,274.53939788465357,841.6310942431389,-144.75649742810845,287.4924806047042,-4.643048464311775,0.9786770874415054,4.1963798409895885,-0.8055182097350191,0.8383030685841427,-0.825094838445555
122,-261.97785212245884,801.7789569126392,1159.5687840005128,0.16777433934977623,327.154415831895,833.4143683399609,-406.19127685387457,429.52753047493144,-4.744167330106307,0.8319486745029622,4.05384718057065,-0.6194246815946886,0.42245724848069627,-0.40976840379419066,1115.1704926556806,-0.6633979125318299,274.53939788465357,841.6310942431389,-144.75649742810845,287.4924806047042,-4.643048464311775,0.9786770874415054,4.1963798409895885,-0.8055182097350191,0.8383030685841427,-0.825094838445555
123,-278.1142424967041,920.4748998644725,1257.6777823235468,0.20783283683329964,333.76617186271005,924.9116105711028,-395.39510093578156,438.9960206300605,-5.251770190656033,0.8938166233335101,4.124709119022434,-0.6807122135862724,0.4020195670266204,-0.3901475903197663,1115.1704926556806,-0.6633979125318299,274.53939788465357,841.6310942431389,-144.75649742810845,287.4924806047042,-4.643048464311775,0.9786770874415054,4.1963798409895885,-0.8055182097350191,0.8383030685841427,-0.825094838445555
124,-281.73190075416085,-1.6406639975534745,1257.5205661124699,0.20784463216322568,333.7550330196413,924.7655332032025,-395.4369827388575,438.9798114963556,-5.251034161166126,0.8937157195318599,4.124662382794527,-0.6805750931760188,0.4020141025674829,-0.3901412594462553,1115.1704926556806,-0.6633979125318299,274.53939788465357,841.6310942431389,-144.75649742810845,287.4924806047042,-4.643048464311775,0.9786770874415054,4.1963798409895885,-0.8055182097350191,0.8383030685841427,-0.825094838445555
125,-259.2902675028142,-4952.14511443107,944.3032900380429,0.21582182226449695,344.34914711355316,600.9541438065609,-377.07935075914685,403.3227382520376,-3.41670430753794,0.5833972633264114,3.118856337045953,-0.46292752549842664,0.39933962152769664,-0.38483854601338496,1115.1704926556806,-0.6633979125318299,274.53939788465357,841.6310942431389,-144.75649742810845,287.4924806047042,-4.643048464311775,0.9786770874415054,4.1963798409895885,-0.8055182097350191,0.8383030685841427,-0.825094838445555
126,74.60987457637299,-1794.8995015698217,846.2785741810967,0.189433005590071,336.5650964801342,510.7134788606766,-388.429596880411,396.54092943243825,-3.049611254408392,0.5416953168027125,3.0495057613048164,-0.3993142176369553,0.4127197933656481,-0.3978471899543775,1115.1704926556806,-0.6633979125318299,274.53939788465357,841.6310942431389,-144.75649742810845,287.4924806047042,-4.643048464311775,0.9786770874415054,4.1963798409895885,-0.8055182097350191,0.8383030685841427,-0.825094838445555
127,-174.65421805228297,-1881.9660921892716,775.1911641707285,0.1401059089432593,331.86133945149817,444.32982687927347,-323.06444658302956,356.3246057773222,-2.8466940522223525,0.5239565170045156,2.5800890670466776,-0.33706766052614084,0.4379367112580698,-0.4219573719519227,1115.1704926556806,-0.6633979125318299,274.53939788465357,841.6310942431389,-144.75649742810845,287.4924806047042,-4.643048464311775,0.9786770874415054,4.1963798409895885,-0.8055182097350191,0.8383030685841427,-0.825094838445555
128,-172.1649565138337,-1118.5458801899788,745.2036884962554,0.06240148805602484,336.63675946276425,409.56693144465464,-340.15314826169623,344.9778657053187,-2.6863936191528315,0.5024539097126293,2.590814893876403,-0.315933274348977,0.47680886928331734,-0.46078963306237664,1115.1704926556806,-0.6633979125318299,274.53939788465357,841.6310942431389,-144.75649742810845,287.4924806047042,-4.643048464311775,0.9786770874415054,4.1963798409895885,-0.8055182097350191,0.8383030685841427,-0.825094838445555
129,54.05891323692737,-2070.5837012377433,702.9665904621969,-0.051612897982162786,340.3021171070134,363.66447669552997,-332.1355825989218,332.34687153723314,-2.5128316084057465,0.48208497933860667,2.2448856518379907,-0.28088850551083927,0.5339902300652977,-0.5176226592806283,1115.1704926556806,-0.6633979125318299,274.53939788465357,841.6310942431389,-144.75649742810845,287.4924806047042,-4.643048464311775,0.9786770874415054,4.1963798409895885,-0.8055182097350191,0.8383030685841427,-0.825094838445555
130,556.986644990124,368.9290191073061,712.8423246539096,-0.025312332044096726,339.85994546367317,373.98238246692785,-330.30251438998755,334.5519721917782,-2.5522188727790276,0.4838331553629029,2.244628721719773,-0.27972133200473187,0.5208413792171066,-0.504470944616433,1115.1704926556806,-0.6633979125318299,274.53939788465357,841.6310942431389,-144.75649742810845,287.4924806047042,-4.643048464311775,0.9786770874415054,4.1963798409895885,-0.8055182097350191,0.8383030685841427,-0.825094838445555
131,-128.9603936642561,897.9018012565571,732.0303730663267,0.008924845491900965,337.9861281414843,395.0442480266725,-333.12695092102234,357.1532921020077,-2.6185863426491336,0.48896229359911053,2.1875762965067174,-0.2972831415929752,0.5036103566680835,-0.4874647902735824,1115.1704926556806,-0.6633979125318299,274.53939788465357,841.6310942431389,-144.75649742810845,287.4924806047042,-4.643048464311775,0.9786770874415054,4.1963798409895885,-0.8055182097350191,0.8383030685841427,-0.825094838445555
132,823.2455959565866,2054.137194716089,756.2612255962438,0.3177625241716873,315.1481554110213,442.1130725055079,-340.3685577786595,390.99771311743996,-2.905711987964298,0.5217759904767373,2.493639962972458,-0.26981445219603556,0.34918137845312663,-0.3330560950196668,1115.1704926556806,-0.6633979125318299,274.53939788465357,841.6310942431389,-144.75649742810845,287.4924806047042,-4.643048464311775,0.9786770874415054,4.1963798409895885,-0.8055182097350191,0.8383030685841427,-0.825094838445555
133,-109.55685628281506,-1971.242799839606,705.2812539421096,0.11251868494092795,339.6109999915122,366.67025694068155,-350.3572900538388,321.52442230015447,-2.4801722222685636,0.4808543309976427,2.487689830285311,-0.2720229658648694,0.452404536389172,-0.4350767721910762,1115.1704926556806,-0.6633979125318299,274.53939788465357,841.6310942431389,-144.75649742810845,287.4924806047042,-4.643048464311775,0.9786770874415054,4.1963798409895885,-0.8055182097350191,0.8383030685841427,-0.825094838445555
134,-112.99338472593968,663.1227503795335,709.7268274183923,0.20611630416907017,331.3604680586703,379.36636228790735,-333.24485086843,334.01043131070645,-2.5930498848149375,0.4982252490861969,2.4432023266587013,-0.27335881833642667,0.405653054719133,-0.38823063726590895,1115.1704926556806,-0.6633979125318299,274.53939788465357,841.6310942431389,-144.75649742810845,287.4924806047042,-4.643048464311775,0.9786770874415054,4.1963798409895885,-0.8055182097350191,0.8383030685841427,-0.825094838445555
135,154.3131648424532,-2418.5004283949993,642.3754990053067,0.21690857308039108,310.6074425432895,332.76805945797986,-288.7337108995231,289.1651782787412,-1.9830834259568852,0.4011114492737709,2.272255858161915,-0.23628013834285055,0.4004075651122768,-0.38268385670234606,1115.1704926556806,-0.6633979125318299,274.53939788465357,841.6310942431389,-144.75649742810845,287.4924806047042,-4.643048464311775,0.9786770874415054,4.1963798409895885,-0.8055182097350191,0.8383030685841427,-0.825094838445555
136,312.6409566443547,-1206.0767000616054,626.5080115749914,0.16074982759604828,315.75121564612795,311.7567988547716,-302.13538425118134,278.53641425827954,-1.7277534382725583,0.3587939702374896,2.272254807502189,-0.23663738834656706,0.4285078527219903,-0.4107423117478467,1115.1704926556806,-0.6633979125318299,274.53939788465357,841.6310942431389,-144.75649742810845,287.4924806047042,-4.643048464311775,0.9786770874415054,4.1963798409895885,-0.8055182097350191,0.8383030685841427,-0.825094838445555
137,-110.61361318757226,1641.6680119168432,638.903953940373,0.3164069388704275,296.82756684413397,343.076389923697,-292.71840297473284,331.5116766028899,-1.9556733959653907,0.3875797558520129,2.054018647152211,-0.2194417295978858,0.3505371836992965,-0.33305587452990526,1115.1704926556806,-0.6633979125318299,274.53939788465357,841.6310942431389,-144.75649742810845,287.4924806047042,-4.643048464311775,0.9786770874415054,4.1963798409895885,-0.8055182097350191,0.8383030685841427,-0.825094838445555
138,357.3940482353397,322.097586200939,643.3356167861269,0.3475736918053844,291.87717298697214,352.4584465735209,-284.15377229788265,342.9170015571128,-1.996958880043334,0.3916075108777209,1.9864759228322832,-0.21841879867612735,0.33492268774344575,-0.3175036184923557,1115.1704926556806,-0.6633979125318299,274.53939788465357,841.6310942431389,-144.75649742810845,287.4924806047042,-4.643048464311775,0.9786770874415054,4.1963798409895885,-0.8055182097350191,0.8383030685841427,-0.825094838445555
139,0.0,-3398.0505446769585,598.7343581000289,0.2633431371582743,301.32580896121334,298.4085517368348,-247.07163108476146,262.72964889059256,-1.313230557760606,0.2689457833144976,1.976590478303986,-0.17823333994232732,0.3775844732845766,-0.3590723811899788,1115.1704926556806,-0.6633979125318299,274.53939788465357,841.6310942431389,-144.75649742810845,287.4924806047042,-4.643048464311775,0.9786770874415054,4.1963798409895885,-0.8055182097350191,0.8383030685841427,-0.825094838445555
140,0.0,-1467.7447145721997,587.0358085327122,0.2630191274937948,305.57068765813545,282.4651235853584,-212.5808717243,234.86252726126799,-1.1595355649819563,0.24466548498285356,1.8542947991877874,-0.1759113238300677,0.37813878803416184,-0.358842076124303,1115.1704926556806,-0.6633979125318299,274.53939788465357,841.6310942431389,-144.75649742810845,287.4924806047042,-4.643048464311775,0.9786770874415054,4.1963798409895885,-0.8055182097350191,0.8383030685841427,-0.825094838445555
141,0.0,1588.891520809057,585.383367255433,0.4698739946574436,289.8147966188934,296.56857300445796,-204.83038999442738,249.93655758184036,-1.1716303720468628,0.22718428511069458,1.7744951389765828,-0.14503225193228397,0.27454493814233083,-0.2555810623153507,1115.1704926556806,-0.6633979125318299,274.53939788465357,841.6310942431389,-144.75649742810845,287.4924806047042,-4.643048464311775,0.9786770874415054,4.1963798409895885,-0.8055182097350191,0.8383030685841427,-0.825094838445555
142,-37.48221162412589,390.20983858657735,587.3780520923714,0.4737152501575976,288.79731758490726,299.5807368070382,-207.27352203049426,258.48978594625044,-1.207661149192869,0.2327867883425818,1.7797504988529063,-0.14429643121404262,0.27259214557055117,-0.25369259930774557,1115.1704926556806,-0.6633979125318299,274.53939788465357,841.6310942431389,-144.75649742810845,287.4924806047042,-4.643048464311775,0.9786770874415054,4.1963798409895885,-0.8055182097350191,0.8383030685841427,-0.825094838445555
143,-11.123150789058796,-691.8851177988716,583.1549863162545,0.4495509362675453,293.16105234119874,290.993936337607,-230.0913474490831,252.16437340598083,-1.1417024482924505,0.22356391180315152,1.849409407082152,-0.14529142834629416,0.2846143134909733,-0.2658347445105374,1115.1704926556806,-0.6633979125318299,274.53939788465357,841.6310942431389,-144.75649742810845,287.4924806047042,-4.643048464311775,0.9786770874415054,4.1963798409895885,-0.8055182097350191,0.8383030685841427,-0.825094838445555
144,0.0,-542.9053635817417,577.8863326516894,0.44495239294674216,295.8405362791008,283.04579882317995,-258.80942452040455,247.38825182135395,-1.13134540654725,0.22501816160764862,1.980077926101169,-0.14244253531751916,0.28682494024910726,-0.26822266101746456,1115.1704926556806,-0.6633979125318299,274.53939788465357,841.6310942431389,-144.75649742810845,287.4924806047042,-4.643048464311775,0.9786770874415054,4.1963798409895885,-0.8055182097350191,0.8383030685841427,-0.825094838445555
145,-99.38799235683729,2078.209137705692,571.0480888260178,0.6196765626294992,281.3244931937711,290.72359800226855,-231.09435596319383,265.8695584735078,-1.2699769054491439,0.24448293239636532,1.891929949082488,-0.12153634919389375,0.19964288616089568,-0.18068054995453753,1115.1704926556806,-0.6633979125318299,274.53939788465357,841.6310942431389,-144.75649742810845,287.4924806047042,-4.643048464311775,0.9786770874415054,4.1963798409895885,-0.8055182097350191,0.8383030685841427,-0.825094838445555
146,-108.87026893415762,320.22465293467826,570.9025759515825,0.6390735422668573,278.5041267782379,293.3984514841685,-216.23733444555768,270.19098615562444,-1.2916086578579575,0.2485259054310701,1.8420479765371456,-0.12198520980483767,0.19002281694269088,-0.17090363995822305,1115.1704926556806,-0.6633979125318299,274.53939788465357,841.6310942431389,-144.75649742810845,287.4924806047042,-4.643048464311775,0.9786770874415054,4.1963798409895885,-0.8055182097350191,0.8383030685841427,-0.825094838445555
147,-82.0852141899718,449.66479431508435,574.4493269400513,0.6612688168813227,276.3865204409293,299.0628087337306,-203.5453057654871,273.9095901068586,-1.320793504322272,0.25236340897855397,1.8097278514573802,-0.12507562824705498,0.17897795455707732,-0.15975322817833326,1115.1704926556806,-0.6633979125318299,274.53939788465357,841.6310942431389,-144.75649742810845,287.4924806047042,-4.643048464311775,0.9786770874415054,4.1963798409895885,-0.8055182097350191,0.8383030685841427,-0.825094838445555
148,-210.79081043425637,425.6931070018993,577.407950860612,0.7244838908579565,274.37610206811604,304.031851027343,-199.28562135604633,278.0122325880723,-1.3820532831221997,0.2590401811067757,1.7844602823417461,-0.12105907396198559,0.14740902430948336,-0.1281070861724137,1115.1704926556806,-0.6633979125318299,274.53939788465357,841.6310942431389,-144.75649742810845,287.4924806047042,-4.643048464311775,0.9786770874415054,4.1963798409895885,-0.8055182097350191,0.8383030685841427,-0.825094838445555
149,-134.23311517050126,-762.6078735700224,560.5720630757726,0.7750768362438675,272.84673978140415,288.7253256578812,-228.5269231215026,277.42917275870644,-1.3601155998683963,0.2524708762718173,1.867623587225286,-0.0927289888101468,0.12201476110738135,-0.10290840525654864,1115.1704926556806,-0.6633979125318299,274.53939788465357,841.6310942431389,-144.75649742810845,287.4924806047042,-4.643048464311775,0.9786770874415054,4.1963798409895885,-0.8055182097350191,0.8383030685841427,-0.825094838445555
150,973.1753016167825,2616.9704086418196,628.452869626487,0.7560587389757695,264.71736463435116,364.7355070904125,-207.50048314303763,277.8582980146893,-1.5247917098727968,0.2685304417434645,1.9031082378820972,-0.13560236476339005,0.1311724828694834,-0.11276878062889518,1115.1704926556806,-0.6633979125318299,274.53939788465357,841.6310942431389,-144.75649742810845,287.4924806047042,-4.643048464311775,0.9786770874415054,4.1963798409895885,-0.8055182097350191,0.8383030685841427,-0.825094838445555
151,222.7022428871112,-1167.0718542598345,585.7660027453628,0.7760569152617585,267.81159414390504,318.95441099309227,-240.13559018944244,274.0227760330129,-1.3690573732559357,0.25573403236193176,1.9162029596068615,-0.11210163705291123,0.12138619257722054,-0.1025568954241699,1115.1704926556806,-0.6633979125318299,274.53939788465357,841.6310942431389,-144.75649742810845,287.4924806047042,-4.643048464311775,0.9786770874415054,4.1963798409895885,-0.8055182097350191,0.8383030685841427,-0.825094838445555
152,-109.87761098396032,1337.2155206985597,645.0282339024973,0.6924813707810759,267.68038940786766,378.3478468854674,-228.12046359230757,269.5992883150392,-1.607680861235315,0.28366579478881654,1.9783734464211442,-0.15578821371697987,0.162613827970978,-0.14490480390169935,1115.1704926556806,-0.6633979125318299,274.53939788465357,841.6310942431389,-144.75649742810845,287.4924806047042,-4.643048464311775,0.9786770874415054,4.1963798409895885,-0.8055182097350191,0.8383030685841427,-0.825094838445555
153,-135.12200904097472,-426.5136314506139,626.302719171164,0.7031865467167201,268.7541652139581,358.5485563544824,-239.50143688620918,268.5876988927902,-1.5019237073400058,0.26991694667716715,1.9893991377277735,-0.14421630536419816,0.15738650788835162,-0.13942694776279793,1115.1704926556806,-0.6633979125318299,274.53939788465357,841.6310942431389,-144.75649742810845,287.4924806047042,-4.643048464311775,0.9786770874415054,4.1963798409895885,-0.8055182097350191,0.8383030685841427,-0.825094838445555
154,-147.64551024414163,-363.78695542539833,611.6872808009563,0.6936055009491702,273.48380452709216,339.2034786271432,-247.54994537700424,266.09438890362645,-1.4126929243431188,0.258531048786064,2.0030204072148106,-0.13479784087871324,0.16235525071662996,-0.14403924965554882,1115.1704926556806,-0.6633979125318299,274.53939788465357,841.6310942431389,-144.75649742810845,287.4924806047042,-4.643048464311775,0.9786770874415054,4.1963798409895885,-0.8055182097350191,0.8383030685841427,-0.825094838445555
155,563.6644180668134,304.72219786728755,619.3626717973126,0.7231367281325796,266.24473277737576,354.11794141283764,-238.48572006510918,270.59588954058654,-1.4743177433179637,0.2672665407936244,1.970222280912341,-0.1382948946295946,0.14747674220158302,-0.12938653249208196,1115.1704926556806,-0.6633979125318299,274.53939788465357,841.6310942431389,-144.75649742810845,287.4924806047042,-4.643048464311775,0.9786770874415054,4.1963798409895885,-0.8055182097350191,0.8383030685841427,-0.825094838445555
156,-127.00339507563972,-1009.2482815698687,605.9981339576299,0.5637922967482563,290.70217988122135,316.29595641672233,-266.4440248700686,252.86219806302873,-1.3485753742445565,0.25251916864336255,2.106668638399128,-0.12473775244217303,0.2274599711184659,-0.2087477294611236,1115.1704926556806,-0.6633979125318299,274.53939788465357,841.6310942431389,-144.75649742810845,287.4924806047042,-4.643048464311775,0.9786770874415054,4.1963798409895885,-0.8055182097350191,0.8383030685841427,-0.825094838445555
157,-114.72859204218047,684.7843178435893,612.947591188323,0.6052932892917102,278.4941020819659,335.45349145349564,-243.18173452466294,261.4412718684211,-1.400846177852761,0.26440563078007245,2.015783673680617,-0.1419169140308427,0.2066177652860271,-0.18808894472602564,1115.1704926556806,-0.6633979125318299,274.53939788465357,841.6310942431389,-144.75649742810845,287.4924806047042,-4.643048464311775,0.9786770874415054,4.1963798409895885,-0.8055182097350191,0.8383030685841427,-0.825094838445555
158,-164.2538595603859,-531.2425253422671,608.3185008568674,0.5592294986129196,284.7602531709115,324.55825007545883,-234.8588751779059,247.74916482526606,-1.338707706886422,0.25222598997081613,1.9881315638077381,-0.13137149587315783,0.22978444630882094,-0.21098605294085027,1115.1704926556806,-0.6633979125318299,274.53939788465357,841.6310942431389,-144.75649742810845,287.4924806047042,-4.643048464311775,0.9786770874415054,4.1963798409895885,-0.8055182097350191,0.8383030685841427,-0.825094838445555
159,1001.9343582458459,-802.3314348649919,608.7024396917885,0.5068271882666943,299.5174731108275,310.18496892920234,-251.41077463856055,236.779341476966,-1.2415195652820579,0.2234574721474468,2.0308787628143246,-0.12696048469520577,0.2559334438570013,-0.23723936299759027,1115.1704926556806,-0.6633979125318299,274.53939788465357,841.6310942431389,-144.75649742810845,287.4924806047042,-4.643048464311775,0.9786770874415054,4.1963798409895885,-0.8055182097350191,0.8383030685841427,-0.825094838445555
160,-87.35506198212732,534.1491759126432,605.0981560216679,0.6017374473545887,292.85890172088745,313.2392566116542,-252.3104317058331,244.0083557437549,-1.2938825228236623,0.2322558454018026,2.0631567948163596,-0.12187605018880261,0.20851725796294246,-0.18974529219254863,1115.1704926556806,-0.6633979125318299,274.53939788465357,841.6310942431389,-144.75649742810845,287.4924806047042,-4.643048464311775,0.9786770874415054,4.1963798409895885,-0.8055182097350191,0.8383030685841427,-0.825094838445555
161,-148.3436299339212,949.5795327983858,596.5960659450135,0.8240260213574543,284.4716313046996,313.1244369448487,-229.60784445848978,260.9323445912575,-1.4117194933023212,0.24962681344297347,1.933683781364631,-0.10569251349238462,0.0977973262138006,-0.0781766555145623,1115.1704926556806,-0.6633979125318299,274.53939788465357,841.6310942431389,-144.75649742810845,287.4924806047042,-4.643048464311775,0.9786770874415054,4.1963798409895885,-0.8055182097350191,0.8383030685841427,-0.825094838445555
162,-223.13234418254038,84.17866097076714,596.6302557072584,0.8318575648510541,283.7807437302035,313.84951426291565,-230.7084289618295,263.13215286920035,-1.4249214457724422,0.2525278435704562,1.9392411810457717,-0.10668187297108238,0.0938726788945052,-0.07426975948786826,1115.1704926556806,-0.6633979125318299,274.53939788465357,841.6310942431389,-144.75649742810845,287.4924806047042,-4.643048464311775,0.9786770874415054,4.1963798409895885,-0.8055182097350191,0.8383030685841427,-0.825094838445555
163,1049.1824464420163,2022.2342424832452,599.3534182150736,0.9222936992275778,267.68619501963076,332.6672249420663,-222.52109156089924,359.78357218475315,-1.571825192857331,0.3033270588963951,1.6212937836108647,-0.13696630691129894,0.049114141305939905,-0.028592165446620035,1115.1704926556806,-0.6633979125318299,274.53939788465357,841.6310942431389,-144.75649742810845,287.4924806047042,-4.643048464311775,0.9786770874415054,4.1963798409895885,-0.8055182097350191,0.8383030685841427,-0.825094838445555
164,897.9606716640528,667.482963721701,603.7712788572331,0.9367303940326668,262.6367103175853,342.13457004948503,-209.41651727369725,392.3454559355639,-1.6217465217201168,0.3195982765983294,1.4813245044843495,-0.15303364329204977,0.04204984197345425,-0.021219770212990364,1115.1704926556806,-0.6633979125318299,274.53939788465357,841.6310942431389,-144.75649742810845,287.4924806047042,-4.643048464311775,0.9786770874415054,4.1963798409895885,-0.8055182097350191,0.8383030685841427,-0.825094838445555
165,-48.116980140452306,-2406.121351810288,572.5674045503538,0.9086160807743736,256.2603186528668,317.3070885237081,-143.56222752156543,263.74205301410495,-1.3467454604230376,0.267555203700115,1.505177664633267,-0.12024592198000686,0.056046295068025234,-0.03533763300178632,1115.1704926556806,-0.6633979125318299,274.53939788465357,841.6310942431389,-144.75649742810845,287.4924806047042,-4.643048464311775,0.9786770874415054,4.1963798409895885,-0.8055182097350191,0.8383030685841427,-0.825094838445555
166,-77.94075276775955,-486.42087890344163,565.9793582553054,0.9008286585495997,254.39926506353103,312.5800960005768,-139.72696453264365,246.5402142577006,-1.316731049257747,0.26397725514466397,1.5343489908794843,-0.11337784974035514,0.059908876120354566,-0.039262474590327896,1115.1704926556806,-0.6633979125318299,274.53939788465357,841.6310942431389,-144.75649742810845,287.4924806047042,-4.643048464311775,0.9786770874415054,4.1963798409895885,-0.8055182097350191,0.8383030685841427,-0.825094838445555
167,281.49721589066854,-522.8945463558873,557.2331482783209,0.9006953915845687,252.28928883189644,305.9438624655675,-142.1911991101973,237.18675618384037,-1.284274928384714,0.261339191475786,1.5332557143521017,-0.11027309494277865,0.05992351533436917,-0.039381103242332995,1115.1704926556806,-0.6633979125318299,274.53939788465357,841.6310942431389,-144.75649742810845,287.4924806047042,-4.643048464311775,0.9786770874415054,4.1963798409895885,-0.8055182097350191,0.8383030685841427,-0.825094838445555
168,0.0,-2001.8227831788865,548.269380931447,0.895463553978047,255.4932605377506,293.77612476728143,-209.6680195843947,225.51481791441907,-1.2271631057290218,0.24493419644260533,1.6070702977550966,-0.08742808402091769,0.06236529001594328,-0.04217117191691886,1115.1704926556806,-0.6633979125318299,274.53939788465357,841.6310942431389,-144.75649742810845,287.4924806047042,-4.643048464311775,0.9786770874415054,4.1963798409895885,-0.8055182097350191,0.8383030685841427,-0.825094838445555
169,-27.533047605216158,-740.8334408876549,543.5384922225796,0.8859782256114956,254.6557877590219,289.88270891305046,-193.27677824054,215.22452906076109,-1.16574658236866,0.23420493585117105,1.5395170562066434,-0.08360792142073399,0.06719251437471299,-0.046829275955044124,1115.1704926556806,-0.6633979125318299,274.53939788465357,841.6310942431389,-144.75649742810845,287.4924806047042,-4.643048464311775,0.9786770874415054,4.1963798409895885,-0.8055182097350191,0.8383030685841427,-0.825094838445555
170,-27.533047605216158,-358.09261673447156,542.8080653627225,0.8749553524148378,254.74326458189788,289.0648052480775,-197.58464754648386,214.65420632504933,-1.154776877140496,0.23203473310919734,1.549827268177208,-0.0817861982631566,0.07265699227444727,-0.05238767097503476,1115.1704926556806,-0.6633979125318299,274.53939788465357,841.6310942431389,-144.75649742810845,287.4924806047042,-4.643048464311775,0.9786770874415054,4.1963798409895885,-0.8055182097350191,0.8383030685841427,-0.825094838445555
171,529.3101944633808,1072.5639768132905,544.0047683343225,0.9456715974577159,251.9216911330522,293.08308163458366,-192.27406634083925,216.9170235029335,-1.187501354714121,0.23487010154334167,1.5251711369249383,-0.07035009105803242,0.03743900930486591,-0.016889410619263294,1115.1704926556806,-0.6633979125318299,274.53939788465357,841.6310942431389,-144.75649742810845,287.4924806047042,-4.643048464311775,0.9786770874415054,4.1963798409895885,-0.8055182097350191,0.8383030685841427,-0.825094838445555
172,-14.555622161972606,-707.6193360829752,537.7932280814571,0.9113884126579022,256.1613385418784,282.6318940261193,-200.1558105383748,214.26075032615154,-1.1085782912667124,0.22609448267842758,1.524599224792645,-0.0738122592158998,0.05468152446496148,-0.03393007940391636,1115.1704926556806,-0.6633979125318299,274.53939788465357,841.6310942431389,-144.75649742810845,287.4924806047042,-4.643048464311775,0.9786770874415054,4.1963798409895885,-0.8055182097350191,0.8383030685841427,-0.825094838445555
173,0.0,-129.9915243777814,535.709972840594,0.9121197071931587,256.633541102974,280.0764362199337,-200.8472340675915,214.28502409552476,-1.0986070273544195,0.22527854413146373,1.5241617207079476,-0.0727055241264686,0.054349968374502136,-0.03353034090878703,1115.1704926556806,-0.6633979125318299,274.53939788465357,841.6310942431389,-144.75649742810845,287.4924806047042,-4.643048464311775,0.9786770874415054,4.1963798409895885,-0.8055182097350191,0.8383030685841427,-0.825094838445555
174,0.0,-144.03321568501437,534.9143031457336,0.9065568136554778,257.25217991473056,278.66212773466964,-198.29338243346118,211.76430726868463,-1.0895297977123901,0.22458634056612228,1.5160351096226126,-0.07356716360790608,0.05716168978012639,-0.036281512996854046,1115.1704926556806,-0.6633979125318299,274.53939788465357,841.6310942431389,-144.75649742810845,287.4924806047042,-4.643048464311775,0.9786770874415054,4.1963798409895885,-0.8055182097350191,0.8383030685841427,-0.825094838445555
175,0.0,74.90622260885766,534.8393385362372,0.9122175783264924,256.6273955354922,279.21194747910056,-199.36666009114464,212.0119308546653,-1.0901947644336725,0.2242789603411207,1.5281375321041832,-0.07268338219851307,0.05431405163882522,-0.033468386471224784,1115.1704926556806,-0.6633979125318299,274.53939788465357,841.6310942431389,-144.75649742810845,287.4924806047042,-4.643048464311775,0.9786770874415054,4.1963798409895885,-0.8055182097350191,0.8383030685841427,-0.825094838445555
176,0.0,-692.1911741879888,534.9381413336174,0.8859291579933494,260.3055703855691,275.6325755029825,-189.53260640378622,199.9246215918869,-1.0683092728672972,0.22050588449023384,1.5086126706776415,-0.07205780448261344,0.0675505901550015,-0.04652026782512119,1115.1704926556806,-0.6633979125318299,274.53939788465357,841.6310942431389,-144.75649742810845,287.4924806047042,-4.643048464311775,0.9786770874415054,4.1963798409895885,-0.8055182097350191,0.8383030685841427,-0.825094838445555
177,0.0,852.1639663718715,537.1291642041448,0.9587014037049836,254.39225594083524,283.73691280117157,-183.5055141392475,204.32826090549955,-1.1072085414714543,0.21958749014429416,1.4751977635555702,-0.061714897562190396,0.031108424981502847,-0.010190189093522574,1115.1704926556806,-0.6633979125318299,274.53939788465357,841.6310942431389,-144.75649742810845,287.4924806047042,-4.643048464311775,0.9786770874415054,4.1963798409895885,-0.8055182097350191,0.8383030685841427,-0.825094838445555
178,0.0,-904.1919043852886,536.0250334120374,0.9195012627072947,259.01687906155627,278.0081592063013,-156.93962898423763,175.41983996009594,-1.1086504430220796,0.2243848016449351,1.4301550036461845,-0.0662599018267797,0.05090338625540268,-0.029595369418899328,1115.1704926556806,-0.6633979125318299,274.53939788465357,841.6310942431389,-144.75649742810845,287.4924806047042,-4.643048464311775,0.9786770874415054,4.1963798409895885,-0.8055182097350191,0.8383030685841427,-0.825094838445555
179,-7.891258357234261,1119.368093813013,545.5128202175312,0.9191926986710228,256.63446900092845,289.8783560021822,-138.1017371718262,178.93785704053286,-1.1522559747831331,0.22686818757848987,1.3659933584681352,-0.0698647156682293,0.05102138108736711,-0.029785938594844394,1115.1704926556806,-0.6633979125318299,274.53939788465357,841.6310942431389,-144.75649742810845,287.4924806047042,-4.643048464311775,0.9786770874415054,4.1963798409895885,-0.8055182097350191,0.8383030685841427,-0.825094838445555
180,-43.01473682772324,1642.1640302220173,564.6759731545669,0.9220653582798142,251.60685982086008,314.06911779992186,-117.64064071505445,211.8024255941238,-1.223973526587692,0.22798188032409236,1.1881065454472608,-0.07815007351697394,0.04944531335776743,-0.028489345934077637,1115.1704926556806,-0.6633979125318299,274.53939788465357,841.6310942431389,-144.75649742810845,287.4924806047042,-4.643048464311775,0.9786770874415054,4.1963798409895885,-0.8055182097350191,0.8383030685841427,-0.825094838445555
181,0.0,-1406.499687015707,559.6766610368537,0.8816891752673286,258.5161631421252,302.1605028763258,-54.45182415878438,140.34811942564596,-1.1217296886399863,0.21178312411008113,1.133610683348344,-0.07484803588670272,0.07009410061138027,-0.04821674266904839,1115.1704926556806,-0.6633979125318299,274.53939788465357,841.6310942431389,-144.75649742810845,287.4924806047042,-4.643048464311775,0.9786770874415054,4.1963798409895885,-0.8055182097350191,0.8383030685841427,-0.825094838445555
182,-21.208133731827985,1388.7485329150097,569.8305994879004,0.923684347690636,259.26625347976625,311.56435091128054,-56.34142948009163,139.0484788929758,-1.2680760105894855,0.2333637355474949,1.2586498798079,-0.07225194895983011,0.04908250809362523,-0.027233163737385463,1115.1704926556806,-0.6633979125318299,274.53939788465357,841.6310942431389,-144.75649742810845,287.4924806047042,-4.643048464311775,0.9786770874415054,4.1963798409895885,-0.8055182097350191,0.8383030685841427,-0.825094838445555
183,0.0,-3368.1797341679453,535.019383033045,0.7684668238551904,263.2653865853156,272.7540021049698,-6.715169654270248,102.20580591804844,-0.8427502629493072,0.185218417712015,0.8187386348127035,-0.10823624861455997,0.12712441922331275,-0.1044087760153904,1115.1704926556806,-0.6633979125318299,274.53939788465357,841.6310942431389,-144.75649742810845,287.4924806047042,-4.643048464311775,0.9786770874415054,4.1963798409895885,-0.8055182097350191,0.8383030685841427,-0.825094838445555
184,0.0,191.13701997852496,536.0534653609557,0.7790303708374055,262.1898441842624,274.8636268218681,-5.688626978008883,102.82474820832705,-0.848160751317386,0.1845912684451787,0.8147036701161984,-0.10712918494208518,0.12181948593698447,-0.09915016252401562,1115.1704926556806,-0.6633979125318299,274.53939788465357,841.6310942431389,-144.75649742810845,287.4924806047042,-4.643048464311775,0.9786770874415054,4.1963798409895885,-0.8055182097350191,0.8383030685841427,-0.825094838445555
185,-108.33670551925948,1766.7738005369588,535.5639874628956,0.9844219093147492,247.08940246746437,289.4745906656974,14.999083500635432,112.09906469809385,-0.9385410321675294,0.1827937195203114,0.7029514571539699,-0.07621078467072787,0.019120079041946555,0.0035419635620666107,1115.1704926556806,-0.6633979125318299,274.53939788465357,841.6310942431389,-144.75649742810845,287.4924806047042,-4.643048464311775,0.9786770874415054,4.1963798409895885,-0.8055182097350191,0.8383030685841427,-0.825094838445555
186,0.0,-2201.158352035249,521.6456540295488,0.7558368335566902,269.44408818720643,253.20157171291436,-11.690913545803514,72.11207495265917,-0.8239750433496774,0.18899316126393662,0.9608354461349986,-0.09501375884835354,0.13363633043656312,-0.11052685543168923,1115.1704926556806,-0.6633979125318299,274.53939788465357,841.6310942431389,-144.75649742810845,287.4924806047042,-4.643048464311775,0.9786770874415054,4.1963798409895885,-0.8055182097350191,0.8383030685841427,-0.825094838445555
187,0.0,520.295168103704,526.1868087461073,0.7757493143467684,267.2797139695692,259.9071006294866,-10.044181710350536,73.39794802432066,-0.8488720860405988,0.18851119874530725,0.9589768747160469,-0.09225230082045012,0.12360077596396485,-0.10064992956744791,1115.1704926556806,-0.6633979125318299,274.53939788465357,841.6310942431389,-144.75649742810845,287.4924806047042,-4.643048464311775,0.9786770874415054,4.1963798409895885,-0.8055182097350191,0.8383030685841427,-0.825094838445555
188,-36.007962989703856,838.7636799916789,528.3954881486706,0.8186492632808129,262.6392293861068,266.7562645002507,-19.3630715379361,84.76439326574544,-0.8730504670195363,0.18800943022919858,0.9904769662304318,-0.0872260393227427,0.10202406684235703,-0.0793266902594583,1115.1704926556806,-0.6633979125318299,274.53939788465357,841.6310942431389,-144.75649742810845,287.4924806047042,-4.643048464311775,0.9786770874415054,4.1963798409895885,-0.8055182097350191,0.8383030685841427,-0.825094838445555
189,0.0,-1270.6728662343723,529.4037299771792,0.7195091722765538,273.9058356227236,256.4979002145406,-18.8527821658035,66.2262802509234,-0.8406123303966498,0.18605936054792965,1.0277610639719708,-0.09001567714900555,0.15171634260031389,-0.12877450344220762,1115.1704926556806,-0.6633979125318299,274.53939788465357,841.6310942431389,-144.75649742810845,287.4924806047042,-4.643048464311775,0.9786770874415054,4.1963798409895885,-0.8055182097350191,0.8383030685841427,-0.825094838445555
190,0.0,135.55906751992927,529.8880863518963,0.72687014921414,273.1687878313722,257.71930438596166,-17.830313107231085,66.57794236269048,-0.8486792060303593,0.18679444061331307,1.0235298800720372,-0.08943946964701152,0.148025964508503,-0.12510390483931588,1115.1704926556806,-0.6633979125318299,274.53939788465357,841.6310942431389,-144.75649742810845,287.4924806047042,-4.643048464311775,0.9786770874415054,4.1963798409895885,-0.8055182097350191,0.8383030685841427,-0.825094838445555
191,0.0,321.1621509568403,529.5875128456676,0.7763347382836232,270.22451910657304,260.36299953809566,-13.356323605845956,68.68747597072387,-0.8797803192357766,0.18768473216076925,0.9989125717525338,-0.07989357974966797,0.12327137875871041,-0.10039390232974865,1115.1704926556806,-0.6633979125318299,274.53939788465357,841.6310942431389,-144.75649742810845,287.4924806047042,-4.643048464311775,0.9786770874415054,4.1963798409895885,-0.8055182097350191,0.8383030685841427,-0.825094838445555
192,0.0,-391.27098937048225,528.5045475797677,0.7578337787979919,271.77078679504365,257.7337665848202,-14.017451960487373,63.162952086073595,-0.8442638789936406,0.18287071708193434,1.0187387481981847,-0.08201128254167006,0.13254008856974678,-0.1096261514022294,1115.1704926556806,-0.6633979125318299,274.53939788465357,841.6310942431389,-144.75649742810845,287.4924806047042,-4.643048464311775,0.9786770874415054,4.1963798409895885,-0.8055182097350191,0.8383030685841427,-0.825094838445555
193,0.0,437.75576525796043,530.5270290485637,0.7743789754964332,270.07438652742616,261.4526482720897,-14.022525908777672,69.51257118240525,-0.8583286341760895,0.18264513861526174,0.9981842055707096,-0.08041018334380805,0.1242298679213504,-0.1013911755738878,1115.1704926556806,-0.6633979125318299,274.53939788465357,841.6310942431389,-144.75649742810845,287.4924806047042,-4.643048464311775,0.9786770874415054,4.1963798409895885,-0.8055182097350191,0.8383030685841427,-0.825094838445555
194,0.0,-755.824453627059,529.7366813030716,0.756570608865015,272.83980132922795,257.8968858448311,-15.007263180040686,60.26256844628194,-0.8332801869296707,0.1790872243493445,0.9971013704916872,-0.08121207732484173,0.13315716130329,-0.11027224881290941,1115.1704926556806,-0.6633979125318299,274.53939788465357,841.6310942431389,-144.75649742810845,287.4924806047042,-4.643048464311775,0.9786770874415054,4.1963798409895885,-0.8055182097350191,0.8383030685841427,-0.825094838445555
195,0.0,446.7197112827767,531.0774776259359,0.8015743361384775,269.5988260063148,262.4786574660181,-11.51279463989724,62.392528797566044,-0.8510977513066773,0.17662182720370645,0.9806277130810419,-0.0731759041165622,0.11062878159489153,-0.08779690222539385,1115.1704926556806,-0.6633979125318299,274.53939788465357,841.6310942431389,-144.75649742810845,287.4924806047042,-4.643048464311775,0.9786770874415054,4.1963798409895885,-0.8055182097350191,0.8383030685841427,-0.825094838445555
196,0.0,-297.6278541695455,530.066978392167,0.7910978421220823,270.6832304138912,260.38375387965954,-17.749705331066018,61.811069516265334,-0.8407976136779827,0.17660274624954614,0.9894032156660074,-0.07554290833496025,0.11585198772185631,-0.09305019008174498,1115.1704926556806,-0.6633979125318299,274.53939788465357,841.6310942431389,-144.75649742810845,287.4924806047042,-4.643048464311775,0.9786770874415054,4.1963798409895885,-0.8055182097350191,0.8383030685841427,-0.825094838445555
197,0.0,-396.29137102684274,531.5306565563216,0.7543515913900637,273.852882240237,258.67778019577105,-22.772830836471783,60.47819547212322,-0.8283486722159898,0.17570051539991946,1.01497153901263,-0.07878110432702307,0.13420948530999566,-0.11143894214698968,1115.1704926556806,-0.6633979125318299,274.53939788465357,841.6310942431389,-144.75649742810845,287.4924806047042,-4.643048464311775,0.9786770874415054,4.1963798409895885,-0.8055182097350191,0.8383030685841427,-0.825094838445555
198,0.0,794.7615507625869,532.8529913195578,0.8277807728450218,267.6892855817036,266.16371150791844,-17.134265569836156,64.12058166845033,-0.8200977046655697,0.16552830991024092,0.9882302184295609,-0.0682621516063665,0.0974367561674147,-0.07478249094539446,1115.1704926556806,-0.6633979125318299,274.53939788465357,841.6310942431389,-144.75649742810845,287.4924806047042,-4.643048464311775,0.9786770874415054,4.1963798409895885,-0.8055182097350191,0.8383030685841427,-0.825094838445555
199,0.0,-520.0358290601047,531.1592061661353,0.8002054134815285,270.4129645678468,261.74624754688165,-4.563002104935848,51.8554649898654,-0.822711872102182,0.17075743772542173,0.9506659856980395,-0.0737705544750114,0.11133751829589685,-0.08845708849095965,1115.1704926556806,-0.6633979125318299,274.53939788465357,841.6310942431389,-144.75649742810845,287.4924806047042,-4.643048464311775,0.9786770874415054,4.1963798409895885,-0.8055182097350191,0.8383030685841427,-0.825094838445555
200,0.0,197.61059389611424,532.199196663128,0.8107575635337778,269.4348298934715,263.76437272036384,-3.419409734057994,52.501325282111914,-0.8356776146185888,0.17163450329702837,0.946626076202207,-0.07244079174415674,0.10604262122926404,-0.08319983582782099,1115.1704926556806,-0.6633979125318299,274.53939788465357,841.6310942431389,-144.75649742810845,287.4924806047042,-4.643048464311775,0.9786770874415054,4.1963798409895885,-0.8055182097350191,0.8383030685841427,-0.825094838445555
